MaxDepth,MinSamplesLeaf,Criterion,ClassWeight,ROC_AUC,PR_AUC
3,5,gini,None,0.6895659151769858,0.2651132950677314
3,5,gini,balanced,0.6890583416345768,0.2644405186554204
3,5,entropy,None,0.6895659151769858,0.2651132950677314
3,5,entropy,balanced,0.6890583416345768,0.2644405186554204
3,10,gini,None,0.6895659151769858,0.2651132950677314
3,10,gini,balanced,0.6890583416345768,0.2644405186554204
3,10,entropy,None,0.6895659151769858,0.2651132950677314
3,10,entropy,balanced,0.6890583416345768,0.2644405186554204
3,20,gini,None,0.6895659151769858,0.2651132950677314
3,20,gini,balanced,0.6890583416345768,0.2644405186554204
3,20,entropy,None,0.6895659151769858,0.2651132950677314
3,20,entropy,balanced,0.6890583416345768,0.2644405186554204
3,30,gini,None,0.6895659151769858,0.2651132950677314
3,30,gini,balanced,0.6890583416345768,0.2644405186554204
3,30,entropy,None,0.6895659151769858,0.2651132950677314
3,30,entropy,balanced,0.6890583416345768,0.2644405186554204
3,50,gini,None,0.6895659151769858,0.2651132950677314
3,50,gini,balanced,0.6890583416345768,0.2644405186554204
3,50,entropy,None,0.6895659151769858,0.2651132950677314
3,50,entropy,balanced,0.6890583416345768,0.2644405186554204
4,5,gini,None,0.6965612615246866,0.282746926263892
4,5,gini,balanced,0.6968788563612304,0.28246257278324416
4,5,entropy,None,0.6976532260862238,0.28353476445575115
4,5,entropy,balanced,0.6968788563612304,0.28246257278324416
4,10,gini,None,0.6965612615246866,0.282746926263892
4,10,gini,balanced,0.6968788563612304,0.28246257278324416
4,10,entropy,None,0.6976532260862238,0.28353476445575115
4,10,entropy,balanced,0.6968788563612304,0.28246257278324416
4,20,gini,None,0.6965612615246866,0.282746926263892
4,20,gini,balanced,0.6968788563612304,0.28246257278324416
4,20,entropy,None,0.6976532260862238,0.28353476445575115
4,20,entropy,balanced,0.6968788563612304,0.28246257278324416
4,30,gini,None,0.6965612615246866,0.282746926263892
4,30,gini,balanced,0.6968788563612304,0.28246257278324416
4,30,entropy,None,0.6976532260862238,0.28353476445575115
4,30,entropy,balanced,0.6968788563612304,0.28246257278324416
4,50,gini,None,0.6965612615246866,0.282746926263892
4,50,gini,balanced,0.6968788563612304,0.28246257278324416
4,50,entropy,None,0.6976532260862238,0.28353476445575115
4,50,entropy,balanced,0.6968788563612304,0.28246257278324416
5,5,gini,None,0.7004700733978599,0.29134218057334826
5,5,gini,balanced,0.6966545988888724,0.2880998639797917
5,5,entropy,None,0.6971049723209285,0.28675851712754885
5,5,entropy,balanced,0.6952706453163642,0.2875109529514998
5,10,gini,None,0.7004700733978599,0.29134218057334826
5,10,gini,balanced,0.6966545988888724,0.2880998639797917
5,10,entropy,None,0.697093408399702,0.2860422732158183
5,10,entropy,balanced,0.6952706453163642,0.2875109529514998
5,20,gini,None,0.700239620967702,0.2888828702844881
5,20,gini,balanced,0.6965474261189333,0.28824984718263713
5,20,entropy,None,0.6972123515894609,0.2840119825995998
5,20,entropy,balanced,0.6949511919924801,0.28235020200215055
5,30,gini,None,0.700239620967702,0.2888828702844881
5,30,gini,balanced,0.6963351455649884,0.28293911303044256
5,30,entropy,None,0.6972123515894609,0.2840119825995998
5,30,entropy,balanced,0.6949511919924801,0.28235020200215055
5,50,gini,None,0.7001714764319026,0.29096829380818495
5,50,gini,balanced,0.6962488291529758,0.2845711227199222
5,50,entropy,None,0.6971219052055817,0.28563566524313405
5,50,entropy,balanced,0.6948648755804676,0.28398221169163024
6,5,gini,None,0.7015069028349779,0.30727257445325284
6,5,gini,balanced,0.6953065760716037,0.29103913442312035
6,5,entropy,None,0.6988686768065737,0.2980122014844735
6,5,entropy,balanced,0.6945419117804971,0.2984958552014048
6,10,gini,None,0.7015248682125977,0.30858920831877845
6,10,gini,balanced,0.69616230624237,0.29103066945041045
6,10,entropy,None,0.6996626638979335,0.30181516472293035
6,10,entropy,balanced,0.6954988262619956,0.29839510348215037
6,20,gini,None,0.6991976290657508,0.2989880986880146
6,20,gini,balanced,0.6927166707140391,0.28997032798570826
6,20,entropy,None,0.6990852938309784,0.29415902259894905
6,20,entropy,balanced,0.6912032425235118,0.2862540068474002
6,30,gini,None,0.6976073833985044,0.2919386479507639
6,30,gini,balanced,0.6893955538374872,0.2791916231014063
6,30,entropy,None,0.6933789117028535,0.2902681637715538
6,30,entropy,balanced,0.687343370816958,0.28172152379297183
6,50,gini,None,0.6999067452352514,0.3020269906180711
6,50,gini,balanced,0.690898037602568,0.29515121619865897
6,50,entropy,None,0.6930970411229558,0.3000847331035023
6,50,entropy,balanced,0.6891409410719094,0.2955446800499715
8,5,gini,None,0.6744456751760606,0.2698030178945449
8,5,gini,balanced,0.6573610140567723,0.2712342677182654
8,5,entropy,None,0.6701787947420501,0.28064517437447983
8,5,entropy,balanced,0.6681780298712605,0.2750597169034327
8,10,gini,None,0.6795065427014311,0.281313564651226
8,10,gini,balanced,0.6550405893635054,0.2587876427553028
8,10,entropy,None,0.6654685618281568,0.27769207070676094
8,10,entropy,balanced,0.6637112587989051,0.2775754104662741
8,20,gini,None,0.6806218416040151,0.27990402890407723
8,20,gini,balanced,0.667028039204997,0.2723620996858833
8,20,entropy,None,0.6740950405645836,0.2827152452886647
8,20,entropy,balanced,0.6701372885247906,0.27424314586681875
8,30,gini,None,0.6721822440945533,0.27385107789811214
8,30,gini,balanced,0.6663298674609429,0.26906022876462254
8,30,entropy,None,0.671705645341144,0.2744452538040814
8,30,entropy,balanced,0.6664155643771754,0.27317894159512646
8,50,gini,None,0.6778811922733181,0.2836471737831593
8,50,gini,balanced,0.6749912444596428,0.2678777584107006
8,50,entropy,None,0.6758488331177488,0.2816151085900455
8,50,entropy,balanced,0.6752245878701075,0.2798628393408342
10,5,gini,None,0.6446477216597201,0.24524811694879678
10,5,gini,balanced,0.6277202059699569,0.24016804882295545
10,5,entropy,None,0.6535796118156842,0.25771572920763036
10,5,entropy,balanced,0.6490316867961494,0.2604351219081522
10,10,gini,None,0.658087682606706,0.2665412038272549
10,10,gini,balanced,0.6337625613094324,0.24133970746243716
10,10,entropy,None,0.6520942674338503,0.26638983077895173
10,10,entropy,balanced,0.65014430121702,0.2598292022372446
10,20,gini,None,0.6690259130954799,0.27389046549117346
10,20,gini,balanced,0.65252502349954,0.2568959634559072
10,20,entropy,None,0.6587371206827339,0.2680585759486998
10,20,entropy,balanced,0.6615523160056234,0.2623604255167803
10,30,gini,None,0.6676710758246315,0.2669615424305027
10,30,gini,balanced,0.6552113637001905,0.2554832620478857
10,30,entropy,None,0.6563198481491944,0.2628535796172041
10,30,entropy,balanced,0.6624805271826486,0.2647071672612309
10,50,gini,None,0.6728182597620147,0.2788348181698766
10,50,gini,balanced,0.6682604228099998,0.272326881644294
10,50,entropy,None,0.667720015991251,0.2764957611260771
10,50,entropy,balanced,0.6661551696509843,0.2694584695988309
